bank_id,firm_id,loan_value
20530983,40694343,8145.792017053251
83173692,35531175,37632.48800956592
56521745,82065851,2382.5957293699626
26838420,31623391,19759.768793592928
19455591,17716694,2272.5839443634927
26838420,44577138,3161.5756569295118
26838420,59314807,14642.2826648967
19455591,71206713,3727.915098162635
20530983,74037699,25506.688424245553
