bank_id,firm_id,loan_value
59191202,95136908,125326.17856416122
9599085,7325163,3275.899205547331
34502063,28875141,146113.8172855774
83173692,72225971,140851.29847801445
90652558,37266143,11692.287964095733
419570,78703067,136376.96318109342
83173692,43488868,97708.48093823656
54911258,56783997,3000.0749080896753
419570,93801309,6549.295521758335
