bank_id,firm_id,loan_value
83173692,59978052,108634.20315897903
419570,89777404,186673.5876948694
19455591,65352968,73358.51022550007
59191202,74564926,1369.5830625242438
26838420,55768463,32972.37320901485
449652,15111256,8698.011970047546
83173692,7282406,556.584602273609
26838420,30625902,59043.887847588034
26838420,73977712,218951.00599230317
